{"cameraMode":{"drawMode":0,"name":"Shaded","section":"Shading Mode"},"sceneLighting":true,"audioPlay":false,"sceneViewState":{"m_AlwaysRefresh":false,"showFog":true,"showSkybox":true,"showFlares":true,"showImageEffects":true,"showParticleSystems":true,"showVisualEffectGraphs":true,"m_FxEnabled":true},"in2DMode":false,"pivot":{"x":0.668187141418457,"y":18.412872314453126,"z":12.548770904541016},"rotation":{"x":0.4476727247238159,"y":-0.06106412038207054,"z":0.030650660395622255,"w":0.8916406631469727},"size":33.34151077270508,"orthographic":false}