{"cameraMode":{"drawMode":0,"name":"Shaded","section":"Shading Mode"},"sceneLighting":false,"audioPlay":false,"sceneViewState":{"m_AlwaysRefresh":false,"showFog":true,"showSkybox":false,"showFlares":true,"showImageEffects":true,"showParticleSystems":true,"showVisualEffectGraphs":true,"m_FxEnabled":true},"in2DMode":false,"pivot":{"x":0.7959495186805725,"y":-1.1016523838043213,"z":-0.6201304793357849},"rotation":{"x":0.04121324419975281,"y":0.9558790326118469,"z":-0.24031905829906465,"w":0.16388462483882905},"size":1.4381976127624512,"orthographic":false}