{"cameraMode":{"drawMode":0,"name":"Shaded","section":"Shading Mode"},"sceneLighting":false,"audioPlay":false,"sceneViewState":{"m_AlwaysRefresh":false,"showFog":true,"showSkybox":false,"showFlares":true,"showImageEffects":true,"showParticleSystems":true,"showVisualEffectGraphs":true,"m_FxEnabled":true},"in2DMode":false,"pivot":{"x":0.4509086310863495,"y":-0.7420457601547241,"z":-1.0640943050384522},"rotation":{"x":-0.0003086949000135064,"y":0.9645018577575684,"z":-0.2641412913799286,"w":-0.0011593102244660259},"size":1.5442816019058228,"orthographic":false}