{"cameraMode":{"drawMode":0,"name":"Shaded","section":"Shading Mode"},"sceneLighting":false,"audioPlay":false,"sceneViewState":{"m_AlwaysRefresh":false,"showFog":true,"showSkybox":false,"showFlares":true,"showImageEffects":true,"showParticleSystems":true,"showVisualEffectGraphs":true,"m_FxEnabled":true},"in2DMode":false,"pivot":{"x":0.5555012226104736,"y":-1.1649891138076783,"z":-0.033358100801706317},"rotation":{"x":-0.0407041572034359,"y":0.922107458114624,"z":-0.3713085651397705,"w":-0.10109823197126389},"size":1.5442816019058228,"orthographic":false}