{"cameraMode":{"drawMode":0,"name":"Shaded","section":"Shading Mode"},"sceneLighting":false,"audioPlay":false,"sceneViewState":{"m_AlwaysRefresh":false,"showFog":true,"showSkybox":false,"showFlares":true,"showImageEffects":true,"showParticleSystems":true,"showVisualEffectGraphs":true,"m_FxEnabled":true},"in2DMode":false,"pivot":{"x":0.31378254294395449,"y":-1.3633524179458619,"z":-1.1184546947479249},"rotation":{"x":0.067687027156353,"y":0.8682206869125366,"z":-0.47578632831573489,"w":0.12349957227706909},"size":1.5367958545684815,"orthographic":false}