{"cameraMode":{"drawMode":0,"name":"Shaded","section":"Shading Mode"},"sceneLighting":false,"audioPlay":false,"sceneViewState":{"m_AlwaysRefresh":false,"showFog":true,"showSkybox":false,"showFlares":true,"showImageEffects":true,"showParticleSystems":true,"showVisualEffectGraphs":true,"m_FxEnabled":true},"in2DMode":false,"pivot":{"x":0.0829823911190033,"y":-0.18244194984436036,"z":0.0036693811416625978},"rotation":{"x":0.043668482452631,"y":0.886853039264679,"z":-0.4519506096839905,"w":0.08566426485776901},"size":1.5438241958618165,"orthographic":false}