{"cameraMode":{"drawMode":0,"name":"Shaded","section":"Shading Mode"},"sceneLighting":false,"audioPlay":false,"sceneViewState":{"m_AlwaysRefresh":false,"showFog":true,"showSkybox":false,"showFlares":true,"showImageEffects":true,"showParticleSystems":true,"showVisualEffectGraphs":true,"m_FxEnabled":true},"in2DMode":false,"pivot":{"x":-0.20137175917625428,"y":0.36047205328941347,"z":-1.488083839416504},"rotation":{"x":0.26993897557258608,"y":-0.002622676780447364,"z":0.0006329165771603584,"w":0.9629684686660767},"size":1.9958044290542603,"orthographic":false}